tree_id,date,measurement_type,value,instrument_id,species,instrument_method,plot_id,status
T01,2022-01-01,dbh,32.0,INST_01,oak,digital_caliper,PLOT_1,alive
T01,2023-01-01,dbh,33.0,INST_01,oak,digital_caliper,PLOT_1,alive
T01,2024-01-01,dbh,34.0,INST_01,oak,digital_caliper,PLOT_1,alive
T01,2022-01-01,height,17.0,INST_H01,oak,field_inventory,PLOT_1,alive
T01,2024-01-01,height,18.0,INST_H01,oak,field_inventory,PLOT_1,alive
T02,2022-01-01,dbh,28.5,INST_02,oak,digital_caliper,PLOT_1,alive
T02,2023-01-01,dbh,29.3,INST_02,oak,digital_caliper,PLOT_1,alive
T02,2024-01-01,dbh,30.1,INST_02,oak,digital_caliper,PLOT_1,alive
T02,2022-01-01,height,15.5,INST_H02,oak,field_inventory,PLOT_1,alive
T02,2024-01-01,height,16.5,INST_H02,oak,field_inventory,PLOT_1,alive
T03,2022-01-01,dbh,38.0,INST_03,oak,digital_caliper,PLOT_1,alive
T03,2023-01-01,dbh,39.2,INST_03,oak,digital_caliper,PLOT_1,alive
T03,2024-01-01,dbh,40.3,INST_03,oak,digital_caliper,PLOT_1,alive
T03,2022-01-01,height,19.0,INST_H03,oak,field_inventory,PLOT_1,alive
T03,2024-01-01,height,20.0,INST_H03,oak,field_inventory,PLOT_1,alive
T04,2022-01-01,dbh,44.0,INST_04,oak,digital_caliper,PLOT_1,alive
T04,2023-01-01,dbh,45.2,INST_04,oak,digital_caliper,PLOT_1,alive
T04,2024-01-01,dbh,46.4,INST_04,oak,digital_caliper,PLOT_1,alive
T04,2022-01-01,height,21.0,INST_H04,oak,field_inventory,PLOT_1,alive
T04,2024-01-01,height,22.0,INST_H04,oak,field_inventory,PLOT_1,alive
T05,2022-01-01,dbh,25.0,INST_05,oak,digital_caliper,PLOT_1,alive
T05,2023-01-01,dbh,25.8,INST_05,oak,digital_caliper,PLOT_1,alive
T05,2024-01-01,dbh,26.5,INST_05,oak,digital_caliper,PLOT_1,alive
T05,2022-01-01,height,14.0,INST_H05,oak,field_inventory,PLOT_1,alive
T05,2024-01-01,height,15.0,INST_H05,oak,field_inventory,PLOT_1,alive
T06,2022-01-01,dbh,35.0,INST_06,beech,digital_caliper,PLOT_1,alive
T06,2023-01-01,dbh,36.2,INST_06,beech,digital_caliper,PLOT_1,alive
T06,2024-01-01,dbh,37.4,INST_06,beech,digital_caliper,PLOT_1,alive
T06,2022-01-01,height,18.0,INST_H06,beech,field_inventory,PLOT_1,alive
T06,2024-01-01,height,19.0,INST_H06,beech,field_inventory,PLOT_1,alive
T07,2022-01-01,dbh,29.0,INST_07,beech,digital_caliper,PLOT_1,alive
T07,2023-01-01,dbh,30.1,INST_07,beech,digital_caliper,PLOT_1,alive
T07,2024-01-01,dbh,31.2,INST_07,beech,digital_caliper,PLOT_1,alive
T07,2022-01-01,height,16.0,INST_H07,beech,field_inventory,PLOT_1,alive
T07,2024-01-01,height,17.0,INST_H07,beech,field_inventory,PLOT_1,alive
T08,2022-01-01,dbh,41.0,INST_08,beech,diameter_tape,PLOT_1,alive
T08,2023-01-01,dbh,42.2,INST_08,beech,diameter_tape,PLOT_1,alive
T08,2024-01-01,dbh,43.3,INST_08,beech,diameter_tape,PLOT_1,alive
T08,2022-01-01,height,20.0,INST_H08,beech,field_inventory,PLOT_1,alive
T08,2024-01-01,height,21.0,INST_H08,beech,field_inventory,PLOT_1,alive
T09,2022-01-01,dbh,26.5,INST_09,beech,diameter_tape,PLOT_1,alive
T09,2023-01-01,dbh,27.4,INST_09,beech,diameter_tape,PLOT_1,alive
T09,2024-01-01,dbh,28.3,INST_09,beech,diameter_tape,PLOT_1,alive
T09,2022-01-01,height,15.0,INST_H09,beech,field_inventory,PLOT_1,alive
T09,2024-01-01,height,16.0,INST_H09,beech,field_inventory,PLOT_1,alive
T10,2022-01-01,dbh,22.0,INST_10,birch,diameter_tape,PLOT_1,alive
T10,2023-01-01,dbh,23.3,INST_10,birch,diameter_tape,PLOT_1,alive
T10,2024-01-01,dbh,24.5,INST_10,birch,diameter_tape,PLOT_1,alive
T10,2022-01-01,height,14.5,INST_H10,birch,field_inventory,PLOT_1,alive
T10,2024-01-01,height,16.0,INST_H10,birch,field_inventory,PLOT_1,alive
T11,2022-01-01,dbh,27.0,INST_11,birch,diameter_tape,PLOT_1,alive
T11,2023-01-01,dbh,28.4,INST_11,birch,diameter_tape,PLOT_1,alive
T11,2024-01-01,dbh,29.8,INST_11,birch,diameter_tape,PLOT_1,alive
T11,2022-01-01,height,16.5,INST_H11,birch,field_inventory,PLOT_1,alive
T11,2024-01-01,height,18.0,INST_H11,birch,field_inventory,PLOT_1,alive
T12,2022-01-01,dbh,18.5,INST_12,birch,diameter_tape,PLOT_1,alive
T12,2023-01-01,dbh,19.8,INST_12,birch,diameter_tape,PLOT_1,alive
T12,2024-01-01,dbh,21.0,INST_12,birch,diameter_tape,PLOT_1,alive
T12,2022-01-01,height,13.0,INST_H12,birch,field_inventory,PLOT_1,alive
T12,2024-01-01,height,14.5,INST_H12,birch,field_inventory,PLOT_1,alive
T13,2022-01-01,dbh,31.0,INST_13,birch,diameter_tape,PLOT_1,alive
T13,2023-01-01,dbh,32.5,INST_13,birch,diameter_tape,PLOT_1,alive
T13,2024-01-01,dbh,33.9,INST_13,birch,diameter_tape,PLOT_1,alive
T13,2022-01-01,height,18.5,INST_H13,birch,field_inventory,PLOT_1,alive
T13,2024-01-01,height,20.0,INST_H13,birch,field_inventory,PLOT_1,alive
T14,2022-01-01,dbh,24.0,INST_14,maple,diameter_tape,PLOT_1,alive
T14,2023-01-01,dbh,25.0,INST_14,maple,diameter_tape,PLOT_1,alive
T14,2024-01-01,dbh,26.0,INST_14,maple,diameter_tape,PLOT_1,alive
T14,2022-01-01,height,14.5,INST_H14,maple,field_inventory,PLOT_1,alive
T14,2024-01-01,height,15.7,INST_H14,maple,field_inventory,PLOT_1,alive
T15,2022-01-01,dbh,30.5,INST_15,maple,electronic_dbh,PLOT_1,alive
T15,2023-01-01,dbh,31.4,INST_15,maple,electronic_dbh,PLOT_1,alive
T15,2024-01-01,dbh,32.3,INST_15,maple,electronic_dbh,PLOT_1,alive
T15,2022-01-01,height,17.0,INST_H15,maple,field_inventory,PLOT_1,alive
T15,2024-01-01,height,18.1,INST_H15,maple,field_inventory,PLOT_1,alive
T16,2022-01-01,dbh,19.0,INST_16,maple,electronic_dbh,PLOT_1,alive
T16,2023-01-01,dbh,19.9,INST_16,maple,electronic_dbh,PLOT_1,alive
T16,2024-01-01,dbh,20.7,INST_16,maple,electronic_dbh,PLOT_1,alive
T16,2022-01-01,height,12.5,INST_H16,maple,field_inventory,PLOT_1,alive
T16,2024-01-01,height,13.5,INST_H16,maple,field_inventory,PLOT_1,alive
T17,2022-01-01,dbh,36.0,INST_17,maple,electronic_dbh,PLOT_1,alive
T17,2023-01-01,dbh,37.2,INST_17,maple,electronic_dbh,PLOT_1,alive
T17,2024-01-01,dbh,38.3,INST_17,maple,electronic_dbh,PLOT_1,alive
T17,2022-01-01,height,19.0,INST_H17,maple,field_inventory,PLOT_1,alive
T17,2024-01-01,height,20.0,INST_H17,maple,field_inventory,PLOT_1,alive
T18,2022-01-01,dbh,26.0,INST_18,spruce,electronic_dbh,PLOT_1,alive
T18,2023-01-01,dbh,27.5,INST_18,spruce,electronic_dbh,PLOT_1,alive
T18,2024-01-01,dbh,29.0,INST_18,spruce,electronic_dbh,PLOT_1,alive
T18,2022-01-01,height,16.0,INST_H18,spruce,field_inventory,PLOT_1,alive
T18,2024-01-01,height,17.8,INST_H18,spruce,field_inventory,PLOT_1,alive
T19,2022-01-01,dbh,33.0,INST_19,spruce,electronic_dbh,PLOT_1,alive
T19,2023-01-01,dbh,34.2,INST_19,spruce,electronic_dbh,PLOT_1,alive
T19,2024-01-01,dbh,35.4,INST_19,spruce,electronic_dbh,PLOT_1,alive
T19,2022-01-01,height,18.5,INST_H19,spruce,field_inventory,PLOT_1,alive
T19,2024-01-01,height,20.1,INST_H19,spruce,field_inventory,PLOT_1,alive
T20,2022-01-01,dbh,21.5,INST_20,spruce,electronic_dbh,PLOT_1,alive
T20,2023-01-01,dbh,22.8,INST_20,spruce,electronic_dbh,PLOT_1,alive
T20,2024-01-01,dbh,24.0,INST_20,spruce,electronic_dbh,PLOT_1,alive
T20,2022-01-01,height,14.0,INST_H20,spruce,field_inventory,PLOT_1,alive
T20,2024-01-01,height,15.6,INST_H20,spruce,field_inventory,PLOT_1,alive
T21,2022-01-01,dbh,18.0,INST_21,pine,diameter_tape,PLOT_2,alive
T21,2023-01-01,dbh,19.6,INST_21,pine,diameter_tape,PLOT_2,alive
T21,2024-01-01,dbh,21.2,INST_21,pine,diameter_tape,PLOT_2,alive
T21,2022-01-01,height,13.0,INST_H21,pine,field_inventory,PLOT_2,alive
T21,2024-01-01,height,15.2,INST_H21,pine,field_inventory,PLOT_2,alive
T22,2022-01-01,dbh,18.5,INST_22,pine,diameter_tape,PLOT_2,alive
T22,2023-01-01,dbh,20.2,INST_22,pine,diameter_tape,PLOT_2,alive
T22,2024-01-01,dbh,21.9,INST_22,pine,diameter_tape,PLOT_2,alive
T22,2022-01-01,height,13.2,INST_H22,pine,field_inventory,PLOT_2,alive
T22,2024-01-01,height,15.4,INST_H22,pine,field_inventory,PLOT_2,alive
T23,2022-01-01,dbh,19.0,INST_23,pine,diameter_tape,PLOT_2,alive
T23,2023-01-01,dbh,20.8,INST_23,pine,diameter_tape,PLOT_2,alive
T23,2024-01-01,dbh,22.6,INST_23,pine,diameter_tape,PLOT_2,alive
T23,2022-01-01,height,13.5,INST_H23,pine,field_inventory,PLOT_2,alive
T23,2024-01-01,height,15.6,INST_H23,pine,field_inventory,PLOT_2,alive
T24,2022-01-01,dbh,19.5,INST_24,pine,diameter_tape,PLOT_2,alive
T24,2023-01-01,dbh,21.3,INST_24,pine,diameter_tape,PLOT_2,alive
T24,2024-01-01,dbh,23.1,INST_24,pine,diameter_tape,PLOT_2,alive
T24,2022-01-01,height,13.8,INST_H24,pine,field_inventory,PLOT_2,alive
T24,2024-01-01,height,15.9,INST_H24,pine,field_inventory,PLOT_2,alive
T25,2022-01-01,dbh,20.0,INST_25,pine,diameter_tape,PLOT_2,alive
T25,2023-01-01,dbh,21.9,INST_25,pine,diameter_tape,PLOT_2,alive
T25,2024-01-01,dbh,23.8,INST_25,pine,diameter_tape,PLOT_2,alive
T25,2022-01-01,height,14.0,INST_H25,pine,field_inventory,PLOT_2,alive
T25,2024-01-01,height,16.1,INST_H25,pine,field_inventory,PLOT_2,alive
T26,2022-01-01,dbh,20.5,INST_26,pine,diameter_tape,PLOT_2,alive
T26,2023-01-01,dbh,22.5,INST_26,pine,diameter_tape,PLOT_2,alive
T26,2024-01-01,dbh,24.4,INST_26,pine,diameter_tape,PLOT_2,alive
T26,2022-01-01,height,14.3,INST_H26,pine,field_inventory,PLOT_2,alive
T26,2024-01-01,height,16.5,INST_H26,pine,field_inventory,PLOT_2,alive
T27,2022-01-01,dbh,21.0,INST_27,pine,diameter_tape,PLOT_2,alive
T27,2023-01-01,dbh,23.0,INST_27,pine,diameter_tape,PLOT_2,alive
T27,2024-01-01,dbh,25.1,INST_27,pine,diameter_tape,PLOT_2,alive
T27,2022-01-01,height,14.5,INST_H27,pine,field_inventory,PLOT_2,alive
T27,2024-01-01,height,16.7,INST_H27,pine,field_inventory,PLOT_2,alive
T28,2022-01-01,dbh,21.5,INST_28,pine,diameter_tape,PLOT_2,alive
T28,2023-01-01,dbh,23.6,INST_28,pine,diameter_tape,PLOT_2,alive
T28,2024-01-01,dbh,25.7,INST_28,pine,diameter_tape,PLOT_2,alive
T28,2022-01-01,height,14.8,INST_H28,pine,field_inventory,PLOT_2,alive
T28,2024-01-01,height,17.0,INST_H28,pine,field_inventory,PLOT_2,alive
T29,2022-01-01,dbh,22.0,INST_29,pine,diameter_tape,PLOT_2,alive
T29,2023-01-01,dbh,24.2,INST_29,pine,diameter_tape,PLOT_2,alive
T29,2024-01-01,dbh,26.3,INST_29,pine,diameter_tape,PLOT_2,alive
T29,2022-01-01,height,15.0,INST_H29,pine,field_inventory,PLOT_2,alive
T29,2024-01-01,height,17.2,INST_H29,pine,field_inventory,PLOT_2,alive
T30,2022-01-01,dbh,22.5,INST_30,pine,diameter_tape,PLOT_2,alive
T30,2023-01-01,dbh,24.7,INST_30,pine,diameter_tape,PLOT_2,alive
T30,2024-01-01,dbh,26.8,INST_30,pine,diameter_tape,PLOT_2,alive
T30,2022-01-01,height,15.3,INST_H30,pine,field_inventory,PLOT_2,alive
T30,2024-01-01,height,17.4,INST_H30,pine,field_inventory,PLOT_2,alive
T31,2022-01-01,dbh,23.0,INST_31,pine,diameter_tape,PLOT_2,alive
T31,2023-01-01,dbh,25.2,INST_31,pine,diameter_tape,PLOT_2,alive
T31,2024-01-01,dbh,27.3,INST_31,pine,diameter_tape,PLOT_2,alive
T31,2022-01-01,height,15.5,INST_H31,pine,field_inventory,PLOT_2,alive
T31,2024-01-01,height,17.7,INST_H31,pine,field_inventory,PLOT_2,alive
T32,2022-01-01,dbh,23.5,INST_32,pine,diameter_tape,PLOT_2,alive
T32,2023-01-01,dbh,25.8,INST_32,pine,diameter_tape,PLOT_2,alive
T32,2024-01-01,dbh,28.0,INST_32,pine,diameter_tape,PLOT_2,alive
T32,2022-01-01,height,15.8,INST_H32,pine,field_inventory,PLOT_2,alive
T32,2024-01-01,height,18.0,INST_H32,pine,field_inventory,PLOT_2,alive
T33,2022-01-01,dbh,24.0,INST_33,pine,diameter_tape,PLOT_2,alive
T33,2023-01-01,dbh,26.2,INST_33,pine,diameter_tape,PLOT_2,alive
T33,2024-01-01,dbh,28.5,INST_33,pine,diameter_tape,PLOT_2,alive
T33,2022-01-01,height,16.0,INST_H33,pine,field_inventory,PLOT_2,alive
T33,2024-01-01,height,18.3,INST_H33,pine,field_inventory,PLOT_2,alive
T34,2022-01-01,dbh,24.5,INST_34,pine,diameter_tape,PLOT_2,alive
T34,2023-01-01,dbh,26.8,INST_34,pine,diameter_tape,PLOT_2,alive
T34,2024-01-01,dbh,29.0,INST_34,pine,diameter_tape,PLOT_2,alive
T34,2022-01-01,height,16.3,INST_H34,pine,field_inventory,PLOT_2,alive
T34,2024-01-01,height,18.5,INST_H34,pine,field_inventory,PLOT_2,alive
T35,2022-01-01,dbh,25.0,INST_35,pine,diameter_tape,PLOT_2,alive
T35,2023-01-01,dbh,27.3,INST_35,pine,diameter_tape,PLOT_2,alive
T35,2024-01-01,dbh,29.5,INST_35,pine,diameter_tape,PLOT_2,alive
T35,2022-01-01,height,16.5,INST_H35,pine,field_inventory,PLOT_2,alive
T35,2024-01-01,height,18.7,INST_H35,pine,field_inventory,PLOT_2,alive
T36,2022-01-01,dbh,25.5,INST_36,pine,diameter_tape,PLOT_2,alive
T36,2023-01-01,dbh,27.8,INST_36,pine,diameter_tape,PLOT_2,alive
T36,2024-01-01,dbh,30.0,INST_36,pine,diameter_tape,PLOT_2,alive
T36,2022-01-01,height,16.8,INST_H36,pine,field_inventory,PLOT_2,alive
T36,2024-01-01,height,19.0,INST_H36,pine,field_inventory,PLOT_2,alive
T37,2022-01-01,dbh,26.0,INST_37,pine,diameter_tape,PLOT_2,alive
T37,2023-01-01,dbh,28.3,INST_37,pine,diameter_tape,PLOT_2,alive
T37,2024-01-01,dbh,30.5,INST_37,pine,diameter_tape,PLOT_2,alive
T37,2022-01-01,height,17.0,INST_H37,pine,field_inventory,PLOT_2,alive
T37,2024-01-01,height,19.2,INST_H37,pine,field_inventory,PLOT_2,alive
T38,2022-01-01,dbh,26.5,INST_38,pine,diameter_tape,PLOT_2,alive
T38,2023-01-01,dbh,28.8,INST_38,pine,diameter_tape,PLOT_2,alive
T38,2024-01-01,dbh,31.0,INST_38,pine,diameter_tape,PLOT_2,alive
T38,2022-01-01,height,17.3,INST_H38,pine,field_inventory,PLOT_2,alive
T38,2024-01-01,height,19.5,INST_H38,pine,field_inventory,PLOT_2,alive
T39,2022-01-01,dbh,27.0,INST_39,pine,diameter_tape,PLOT_2,alive
T39,2023-01-01,dbh,29.3,INST_39,pine,diameter_tape,PLOT_2,alive
T39,2024-01-01,dbh,31.6,INST_39,pine,diameter_tape,PLOT_2,alive
T39,2022-01-01,height,17.5,INST_H39,pine,field_inventory,PLOT_2,alive
T39,2024-01-01,height,19.7,INST_H39,pine,field_inventory,PLOT_2,alive
T40,2022-01-01,dbh,27.5,INST_40,pine,diameter_tape,PLOT_2,alive
T40,2023-01-01,dbh,29.8,INST_40,pine,diameter_tape,PLOT_2,alive
T40,2024-01-01,dbh,32.1,INST_40,pine,diameter_tape,PLOT_2,alive
T40,2022-01-01,height,17.8,INST_H40,pine,field_inventory,PLOT_2,alive
T40,2024-01-01,height,20.0,INST_H40,pine,field_inventory,PLOT_2,alive
T41,2022-01-01,dbh,28.0,INST_41,pine,diameter_tape,PLOT_2,alive
T41,2023-01-01,dbh,30.3,INST_41,pine,diameter_tape,PLOT_2,alive
T41,2024-01-01,dbh,32.6,INST_41,pine,diameter_tape,PLOT_2,alive
T41,2022-01-01,height,18.0,INST_H41,pine,field_inventory,PLOT_2,alive
T41,2024-01-01,height,20.2,INST_H41,pine,field_inventory,PLOT_2,alive
T42,2022-01-01,dbh,28.5,INST_42,pine,diameter_tape,PLOT_2,alive
T42,2023-01-01,dbh,30.8,INST_42,pine,diameter_tape,PLOT_2,alive
T42,2024-01-01,dbh,33.2,INST_42,pine,diameter_tape,PLOT_2,alive
T42,2022-01-01,height,18.3,INST_H42,pine,field_inventory,PLOT_2,alive
T42,2024-01-01,height,20.5,INST_H42,pine,field_inventory,PLOT_2,alive
T43,2022-01-01,dbh,29.0,INST_43,pine,diameter_tape,PLOT_2,alive
T43,2023-01-01,dbh,31.3,INST_43,pine,diameter_tape,PLOT_2,alive
T43,2024-01-01,dbh,33.7,INST_43,pine,diameter_tape,PLOT_2,alive
T43,2022-01-01,height,18.5,INST_H43,pine,field_inventory,PLOT_2,alive
T43,2024-01-01,height,20.7,INST_H43,pine,field_inventory,PLOT_2,alive
T44,2022-01-01,dbh,29.5,INST_44,pine,diameter_tape,PLOT_2,alive
T44,2023-01-01,dbh,31.8,INST_44,pine,diameter_tape,PLOT_2,alive
T44,2024-01-01,dbh,34.2,INST_44,pine,diameter_tape,PLOT_2,alive
T44,2022-01-01,height,18.8,INST_H44,pine,field_inventory,PLOT_2,alive
T44,2024-01-01,height,21.0,INST_H44,pine,field_inventory,PLOT_2,alive
T45,2022-01-01,dbh,30.0,INST_45,pine,diameter_tape,PLOT_2,alive
T45,2023-01-01,dbh,32.3,INST_45,pine,diameter_tape,PLOT_2,alive
T45,2024-01-01,dbh,34.7,INST_45,pine,diameter_tape,PLOT_2,alive
T45,2022-01-01,height,19.0,INST_H45,pine,field_inventory,PLOT_2,alive
T45,2024-01-01,height,21.2,INST_H45,pine,field_inventory,PLOT_2,alive
T46,2022-01-01,dbh,30.5,INST_46,pine,diameter_tape,PLOT_2,alive
T46,2023-01-01,dbh,32.8,INST_46,pine,diameter_tape,PLOT_2,alive
T46,2024-01-01,dbh,35.2,INST_46,pine,diameter_tape,PLOT_2,alive
T46,2022-01-01,height,19.3,INST_H46,pine,field_inventory,PLOT_2,alive
T46,2024-01-01,height,21.5,INST_H46,pine,field_inventory,PLOT_2,alive
T47,2022-01-01,dbh,31.0,INST_47,pine,diameter_tape,PLOT_2,alive
T47,2023-01-01,dbh,33.3,INST_47,pine,diameter_tape,PLOT_2,alive
T47,2024-01-01,dbh,35.7,INST_47,pine,diameter_tape,PLOT_2,alive
T47,2022-01-01,height,19.5,INST_H47,pine,field_inventory,PLOT_2,alive
T47,2024-01-01,height,21.7,INST_H47,pine,field_inventory,PLOT_2,alive
T48,2022-01-01,dbh,22.0,INST_48,birch,diameter_tape,PLOT_2,alive
T48,2023-01-01,dbh,23.8,INST_48,birch,diameter_tape,PLOT_2,alive
T48,2024-01-01,dbh,25.5,INST_48,birch,diameter_tape,PLOT_2,alive
T48,2022-01-01,height,15.0,INST_H48,birch,field_inventory,PLOT_2,alive
T48,2024-01-01,height,16.8,INST_H48,birch,field_inventory,PLOT_2,alive
T49,2022-01-01,dbh,23.5,INST_49,pine,diameter_tape,PLOT_2,dead
T49,2023-01-01,dbh,25.6,INST_49,pine,diameter_tape,PLOT_2,dead
T49,2022-01-01,height,15.5,INST_H49,pine,field_inventory,PLOT_2,dead
T49,2023-01-01,height,16.6,INST_H49,pine,field_inventory,PLOT_2,dead
T50,2022-01-01,dbh,21.0,INST_50,,diameter_tape,PLOT_2,alive
T50,2023-01-01,dbh,23.0,INST_50,,diameter_tape,PLOT_2,alive
T50,2024-01-01,dbh,25.0,INST_50,,diameter_tape,PLOT_2,alive
T50,2022-01-01,height,14.0,INST_H50,,field_inventory,PLOT_2,alive
T50,2024-01-01,height,16.0,INST_H50,,field_inventory,PLOT_2,alive
T51,2022-01-01,dbh,9.0,INST_51,birch,diameter_tape,PLOT_3,alive
T51,2023-01-01,dbh,10.5,INST_51,birch,diameter_tape,PLOT_3,alive
T51,2024-01-01,dbh,12.0,INST_51,birch,diameter_tape,PLOT_3,alive
T51,2022-01-01,height,5.5,INST_H51,birch,field_inventory,PLOT_3,alive
T51,2024-01-01,height,7.1,INST_H51,birch,field_inventory,PLOT_3,alive
T52,2022-01-01,dbh,10.5,INST_52,oak,diameter_tape,PLOT_3,alive
T52,2023-01-01,dbh,11.5,INST_52,oak,diameter_tape,PLOT_3,alive
T52,2024-01-01,dbh,12.5,INST_52,oak,diameter_tape,PLOT_3,alive
T52,2022-01-01,height,6.5,INST_H52,oak,field_inventory,PLOT_3,alive
T52,2024-01-01,height,8.1,INST_H52,oak,field_inventory,PLOT_3,alive
T53,2022-01-01,dbh,7.5,INST_53,oak,diameter_tape,PLOT_3,alive
T53,2023-01-01,dbh,8.5,INST_53,oak,diameter_tape,PLOT_3,alive
T53,2024-01-01,dbh,9.5,INST_53,oak,diameter_tape,PLOT_3,alive
T53,2022-01-01,height,4.8,INST_H53,oak,field_inventory,PLOT_3,alive
T53,2024-01-01,height,6.0,INST_H53,oak,field_inventory,PLOT_3,alive
T54,2022-01-01,dbh,9.5,INST_54,birch,diameter_tape,PLOT_3,alive
T54,2023-01-01,dbh,11.0,INST_54,birch,diameter_tape,PLOT_3,alive
T54,2024-01-01,dbh,12.5,INST_54,birch,diameter_tape,PLOT_3,alive
T54,2022-01-01,height,6.0,INST_H54,birch,field_inventory,PLOT_3,alive
T54,2024-01-01,height,7.5,INST_H54,birch,field_inventory,PLOT_3,alive
T55,2022-01-01,dbh,0.9,INST_55,birch,diameter_tape,PLOT_3,alive
T55,2023-01-01,dbh,1.8,INST_55,birch,diameter_tape,PLOT_3,alive
T55,2024-01-01,dbh,2.7,INST_55,birch,diameter_tape,PLOT_3,alive
T55,2022-01-01,height,0.9,INST_H55,birch,field_inventory,PLOT_3,alive
T55,2024-01-01,height,1.7,INST_H55,birch,field_inventory,PLOT_3,alive
T56,2022-01-01,dbh,1.2,INST_56,birch,diameter_tape,PLOT_3,alive
T56,2023-01-01,dbh,2.1,INST_56,birch,diameter_tape,PLOT_3,alive
T56,2024-01-01,dbh,3.0,INST_56,birch,diameter_tape,PLOT_3,alive
T56,2022-01-01,height,1.1,INST_H56,birch,field_inventory,PLOT_3,alive
T56,2024-01-01,height,1.9,INST_H56,birch,field_inventory,PLOT_3,alive
T57,2022-01-01,dbh,1.5,INST_57,birch,diameter_tape,PLOT_3,alive
T57,2023-01-01,dbh,2.4,INST_57,birch,diameter_tape,PLOT_3,alive
T57,2024-01-01,dbh,3.3,INST_57,birch,diameter_tape,PLOT_3,alive
T57,2022-01-01,height,1.3,INST_H57,birch,field_inventory,PLOT_3,alive
T57,2024-01-01,height,2.2,INST_H57,birch,field_inventory,PLOT_3,alive
T58,2022-01-01,dbh,1.8,INST_58,birch,diameter_tape,PLOT_3,alive
T58,2023-01-01,dbh,2.7,INST_58,birch,diameter_tape,PLOT_3,alive
T58,2024-01-01,dbh,3.6,INST_58,birch,diameter_tape,PLOT_3,alive
T58,2022-01-01,height,1.6,INST_H58,birch,field_inventory,PLOT_3,alive
T58,2024-01-01,height,2.5,INST_H58,birch,field_inventory,PLOT_3,alive
T59,2022-01-01,dbh,2.2,INST_59,birch,diameter_tape,PLOT_3,alive
T59,2023-01-01,dbh,3.1,INST_59,birch,diameter_tape,PLOT_3,alive
T59,2024-01-01,dbh,4.0,INST_59,birch,diameter_tape,PLOT_3,alive
T59,2022-01-01,height,1.9,INST_H59,birch,field_inventory,PLOT_3,alive
T59,2024-01-01,height,2.8,INST_H59,birch,field_inventory,PLOT_3,alive
T60,2022-01-01,dbh,2.6,INST_60,birch,diameter_tape,PLOT_3,alive
T60,2023-01-01,dbh,3.5,INST_60,birch,diameter_tape,PLOT_3,alive
T60,2024-01-01,dbh,4.3,INST_60,birch,diameter_tape,PLOT_3,alive
T60,2022-01-01,height,2.2,INST_H60,birch,field_inventory,PLOT_3,alive
T60,2024-01-01,height,3.2,INST_H60,birch,field_inventory,PLOT_3,alive
T61,2022-01-01,dbh,3.0,INST_61,birch,diameter_tape,PLOT_3,alive
T61,2023-01-01,dbh,3.8,INST_61,birch,diameter_tape,PLOT_3,alive
T61,2024-01-01,dbh,4.6,INST_61,birch,diameter_tape,PLOT_3,alive
T61,2022-01-01,height,2.6,INST_H61,birch,field_inventory,PLOT_3,alive
T61,2024-01-01,height,3.6,INST_H61,birch,field_inventory,PLOT_3,alive
T62,2022-01-01,dbh,3.5,INST_62,birch,diameter_tape,PLOT_3,alive
T62,2023-01-01,dbh,4.2,INST_62,birch,diameter_tape,PLOT_3,alive
T62,2024-01-01,dbh,4.9,INST_62,birch,diameter_tape,PLOT_3,alive
T62,2022-01-01,height,3.0,INST_H62,birch,field_inventory,PLOT_3,alive
T62,2024-01-01,height,4.0,INST_H62,birch,field_inventory,PLOT_3,alive
T63,2022-01-01,dbh,1.0,INST_63,oak,diameter_tape,PLOT_3,alive
T63,2023-01-01,dbh,1.6,INST_63,oak,diameter_tape,PLOT_3,alive
T63,2024-01-01,dbh,2.3,INST_63,oak,diameter_tape,PLOT_3,alive
T63,2022-01-01,height,1.0,INST_H63,oak,field_inventory,PLOT_3,alive
T63,2024-01-01,height,1.7,INST_H63,oak,field_inventory,PLOT_3,alive
T64,2022-01-01,dbh,1.4,INST_64,oak,diameter_tape,PLOT_3,alive
T64,2023-01-01,dbh,2.0,INST_64,oak,diameter_tape,PLOT_3,alive
T64,2024-01-01,dbh,2.7,INST_64,oak,diameter_tape,PLOT_3,alive
T64,2022-01-01,height,1.2,INST_H64,oak,field_inventory,PLOT_3,alive
T64,2024-01-01,height,1.9,INST_H64,oak,field_inventory,PLOT_3,alive
T65,2022-01-01,dbh,1.8,INST_65,oak,diameter_tape,PLOT_3,alive
T65,2023-01-01,dbh,2.4,INST_65,oak,diameter_tape,PLOT_3,alive
T65,2024-01-01,dbh,3.1,INST_65,oak,diameter_tape,PLOT_3,alive
T65,2022-01-01,height,1.5,INST_H65,oak,field_inventory,PLOT_3,alive
T65,2024-01-01,height,2.3,INST_H65,oak,field_inventory,PLOT_3,alive
T66,2022-01-01,dbh,2.3,INST_66,oak,diameter_tape,PLOT_3,alive
T66,2023-01-01,dbh,2.9,INST_66,oak,diameter_tape,PLOT_3,alive
T66,2024-01-01,dbh,3.6,INST_66,oak,diameter_tape,PLOT_3,alive
T66,2022-01-01,height,1.9,INST_H66,oak,field_inventory,PLOT_3,alive
T66,2024-01-01,height,2.7,INST_H66,oak,field_inventory,PLOT_3,alive
T67,2022-01-01,dbh,2.8,INST_67,oak,diameter_tape,PLOT_3,alive
T67,2023-01-01,dbh,3.4,INST_67,oak,diameter_tape,PLOT_3,alive
T67,2024-01-01,dbh,4.1,INST_67,oak,diameter_tape,PLOT_3,alive
T67,2022-01-01,height,2.3,INST_H67,oak,field_inventory,PLOT_3,alive
T67,2024-01-01,height,3.1,INST_H67,oak,field_inventory,PLOT_3,alive
T68,2022-01-01,dbh,3.5,INST_68,oak,diameter_tape,PLOT_3,alive
T68,2023-01-01,dbh,4.0,INST_68,oak,diameter_tape,PLOT_3,alive
T68,2024-01-01,dbh,4.6,INST_68,oak,diameter_tape,PLOT_3,alive
T68,2022-01-01,height,2.8,INST_H68,oak,field_inventory,PLOT_3,alive
T68,2024-01-01,height,3.7,INST_H68,oak,field_inventory,PLOT_3,alive
T69,2022-01-01,dbh,1.1,INST_69,beech,diameter_tape,PLOT_3,alive
T69,2023-01-01,dbh,1.7,INST_69,beech,diameter_tape,PLOT_3,alive
T69,2024-01-01,dbh,2.4,INST_69,beech,diameter_tape,PLOT_3,alive
T69,2022-01-01,height,1.0,INST_H69,beech,field_inventory,PLOT_3,alive
T69,2024-01-01,height,1.8,INST_H69,beech,field_inventory,PLOT_3,alive
T70,2022-01-01,dbh,1.5,INST_70,beech,diameter_tape,PLOT_3,alive
T70,2023-01-01,dbh,2.2,INST_70,beech,diameter_tape,PLOT_3,alive
T70,2024-01-01,dbh,2.9,INST_70,beech,diameter_tape,PLOT_3,alive
T70,2022-01-01,height,1.3,INST_H70,beech,field_inventory,PLOT_3,alive
T70,2024-01-01,height,2.1,INST_H70,beech,field_inventory,PLOT_3,alive
T71,2022-01-01,dbh,2.0,INST_71,beech,diameter_tape,PLOT_3,alive
T71,2023-01-01,dbh,2.7,INST_71,beech,diameter_tape,PLOT_3,alive
T71,2024-01-01,dbh,3.4,INST_71,beech,diameter_tape,PLOT_3,alive
T71,2022-01-01,height,1.7,INST_H71,beech,field_inventory,PLOT_3,alive
T71,2024-01-01,height,2.6,INST_H71,beech,field_inventory,PLOT_3,alive
T72,2022-01-01,dbh,2.5,INST_72,beech,diameter_tape,PLOT_3,alive
T72,2023-01-01,dbh,3.2,INST_72,beech,diameter_tape,PLOT_3,alive
T72,2024-01-01,dbh,3.9,INST_72,beech,diameter_tape,PLOT_3,alive
T72,2022-01-01,height,2.1,INST_H72,beech,field_inventory,PLOT_3,alive
T72,2024-01-01,height,3.0,INST_H72,beech,field_inventory,PLOT_3,alive
T73,2022-01-01,dbh,3.0,INST_73,beech,diameter_tape,PLOT_3,alive
T73,2023-01-01,dbh,3.7,INST_73,beech,diameter_tape,PLOT_3,alive
T73,2024-01-01,dbh,4.4,INST_73,beech,diameter_tape,PLOT_3,alive
T73,2022-01-01,height,2.5,INST_H73,beech,field_inventory,PLOT_3,alive
T73,2024-01-01,height,3.4,INST_H73,beech,field_inventory,PLOT_3,alive
T74,2022-01-01,dbh,3.5,INST_74,beech,diameter_tape,PLOT_3,alive
T74,2023-01-01,dbh,4.1,INST_74,beech,diameter_tape,PLOT_3,alive
T74,2024-01-01,dbh,4.7,INST_74,beech,diameter_tape,PLOT_3,alive
T74,2022-01-01,height,3.0,INST_H74,beech,field_inventory,PLOT_3,alive
T74,2024-01-01,height,4.0,INST_H74,beech,field_inventory,PLOT_3,alive
T75,2022-01-01,dbh,1.3,INST_75,maple,diameter_tape,PLOT_3,alive
T75,2023-01-01,dbh,2.0,INST_75,maple,diameter_tape,PLOT_3,alive
T75,2024-01-01,dbh,2.7,INST_75,maple,diameter_tape,PLOT_3,alive
T75,2022-01-01,height,1.2,INST_H75,maple,field_inventory,PLOT_3,alive
T75,2024-01-01,height,2.0,INST_H75,maple,field_inventory,PLOT_3,alive
T76,2022-01-01,dbh,2.1,INST_76,maple,diameter_tape,PLOT_3,alive
T76,2023-01-01,dbh,2.8,INST_76,maple,diameter_tape,PLOT_3,alive
T76,2024-01-01,dbh,3.5,INST_76,maple,diameter_tape,PLOT_3,alive
T76,2022-01-01,height,1.9,INST_H76,maple,field_inventory,PLOT_3,alive
T76,2024-01-01,height,2.8,INST_H76,maple,field_inventory,PLOT_3,alive
T77,2022-01-01,dbh,2.8,INST_77,maple,diameter_tape,PLOT_3,alive
T77,2023-01-01,dbh,3.5,INST_77,maple,diameter_tape,PLOT_3,alive
T77,2024-01-01,dbh,4.2,INST_77,maple,diameter_tape,PLOT_3,alive
T77,2022-01-01,height,2.4,INST_H77,maple,field_inventory,PLOT_3,alive
T77,2024-01-01,height,3.3,INST_H77,maple,field_inventory,PLOT_3,alive
T78,2022-01-01,dbh,3.5,INST_78,maple,diameter_tape,PLOT_3,alive
T78,2023-01-01,dbh,4.1,INST_78,maple,diameter_tape,PLOT_3,alive
T78,2024-01-01,dbh,4.8,INST_78,maple,diameter_tape,PLOT_3,alive
T78,2022-01-01,height,3.0,INST_H78,maple,field_inventory,PLOT_3,alive
T78,2024-01-01,height,4.0,INST_H78,maple,field_inventory,PLOT_3,alive
T79,2022-01-01,dbh,72.0,INST_79,oak,electronic_dbh,PLOT_4,alive
T79,2023-01-01,dbh,72.4,INST_79,oak,electronic_dbh,PLOT_4,alive
T79,2024-01-01,dbh,72.8,INST_79,oak,electronic_dbh,PLOT_4,alive
T79,2022-01-01,height,28.0,INST_H79,oak,satellite_remote_sensing,PLOT_4,alive
T79,2024-01-01,height,28.7,INST_H79,oak,satellite_remote_sensing,PLOT_4,alive
T80,2022-01-01,dbh,65.0,INST_80,oak,electronic_dbh,PLOT_4,alive
T80,2023-01-01,dbh,65.4,INST_80,oak,electronic_dbh,PLOT_4,alive
T80,2024-01-01,dbh,65.8,INST_80,oak,electronic_dbh,PLOT_4,alive
T80,2022-01-01,height,26.0,INST_H80,oak,satellite_remote_sensing,PLOT_4,alive
T80,2024-01-01,height,26.8,INST_H80,oak,satellite_remote_sensing,PLOT_4,alive
T81,2022-01-01,dbh,80.0,INST_81,oak,electronic_dbh,PLOT_4,alive
T81,2023-01-01,dbh,80.3,INST_81,oak,electronic_dbh,PLOT_4,alive
T81,2024-01-01,dbh,80.7,INST_81,oak,electronic_dbh,PLOT_4,alive
T81,2022-01-01,height,30.0,INST_H81,oak,satellite_remote_sensing,PLOT_4,alive
T81,2024-01-01,height,30.7,INST_H81,oak,satellite_remote_sensing,PLOT_4,alive
T82,2022-01-01,dbh,58.0,INST_82,oak,electronic_dbh,PLOT_4,alive
T82,2023-01-01,dbh,58.4,INST_82,oak,electronic_dbh,PLOT_4,alive
T82,2024-01-01,dbh,58.8,INST_82,oak,electronic_dbh,PLOT_4,alive
T82,2022-01-01,height,24.0,INST_H82,oak,satellite_remote_sensing,PLOT_4,alive
T82,2024-01-01,height,24.8,INST_H82,oak,satellite_remote_sensing,PLOT_4,alive
T83,2022-01-01,dbh,85.0,INST_83,oak,electronic_dbh,PLOT_4,alive
T83,2023-01-01,dbh,85.4,INST_83,oak,electronic_dbh,PLOT_4,alive
T83,2024-01-01,dbh,85.8,INST_83,oak,electronic_dbh,PLOT_4,alive
T83,2022-01-01,height,31.0,INST_H83,oak,satellite_remote_sensing,PLOT_4,alive
T83,2024-01-01,height,31.8,INST_H83,oak,satellite_remote_sensing,PLOT_4,alive
T84,2022-01-01,dbh,52.0,INST_84,oak,electronic_dbh,PLOT_4,alive
T84,2023-01-01,dbh,52.5,INST_84,oak,electronic_dbh,PLOT_4,alive
T84,2024-01-01,dbh,52.9,INST_84,oak,electronic_dbh,PLOT_4,alive
T84,2022-01-01,height,23.0,INST_H84,oak,satellite_remote_sensing,PLOT_4,alive
T84,2024-01-01,height,23.9,INST_H84,oak,satellite_remote_sensing,PLOT_4,alive
T85,2022-01-01,dbh,62.0,INST_85,beech,electronic_dbh,PLOT_4,alive
T85,2023-01-01,dbh,62.4,INST_85,beech,electronic_dbh,PLOT_4,alive
T85,2024-01-01,dbh,62.8,INST_85,beech,electronic_dbh,PLOT_4,alive
T85,2022-01-01,height,25.0,INST_H85,beech,satellite_remote_sensing,PLOT_4,alive
T85,2024-01-01,height,25.8,INST_H85,beech,satellite_remote_sensing,PLOT_4,alive
T86,2022-01-01,dbh,71.0,INST_86,beech,electronic_dbh,PLOT_4,alive
T86,2023-01-01,dbh,71.3,INST_86,beech,electronic_dbh,PLOT_4,alive
T86,2024-01-01,dbh,71.6,INST_86,beech,electronic_dbh,PLOT_4,alive
T86,2022-01-01,height,28.5,INST_H86,beech,satellite_remote_sensing,PLOT_4,alive
T86,2024-01-01,height,29.1,INST_H86,beech,satellite_remote_sensing,PLOT_4,alive
T87,2022-01-01,dbh,55.0,INST_87,beech,electronic_dbh,PLOT_4,alive
T87,2023-01-01,dbh,55.4,INST_87,beech,electronic_dbh,PLOT_4,alive
T87,2024-01-01,dbh,55.8,INST_87,beech,electronic_dbh,PLOT_4,alive
T87,2022-01-01,height,24.0,INST_H87,beech,satellite_remote_sensing,PLOT_4,alive
T87,2024-01-01,height,24.8,INST_H87,beech,satellite_remote_sensing,PLOT_4,alive
T88,2022-01-01,dbh,77.0,INST_88,beech,electronic_dbh,PLOT_4,alive
T88,2023-01-01,dbh,77.3,INST_88,beech,electronic_dbh,PLOT_4,alive
T88,2024-01-01,dbh,77.6,INST_88,beech,electronic_dbh,PLOT_4,alive
T88,2022-01-01,height,29.0,INST_H88,beech,satellite_remote_sensing,PLOT_4,alive
T88,2024-01-01,height,29.6,INST_H88,beech,satellite_remote_sensing,PLOT_4,alive
T89,2022-01-01,dbh,54.0,INST_89,beech,electronic_dbh,PLOT_4,alive
T89,2023-01-01,dbh,54.4,INST_89,beech,electronic_dbh,PLOT_4,alive
T89,2024-01-01,dbh,54.8,INST_89,beech,electronic_dbh,PLOT_4,alive
T89,2022-01-01,height,23.5,INST_H89,beech,satellite_remote_sensing,PLOT_4,alive
T89,2024-01-01,height,24.3,INST_H89,beech,satellite_remote_sensing,PLOT_4,alive
T90,2022-01-01,dbh,45.0,INST_90,birch,electronic_dbh,PLOT_4,alive
T90,2023-01-01,dbh,45.3,INST_90,birch,electronic_dbh,PLOT_4,alive
T90,2024-01-01,dbh,45.6,INST_90,birch,electronic_dbh,PLOT_4,alive
T90,2022-01-01,height,22.0,INST_H90,birch,satellite_remote_sensing,PLOT_4,alive
T90,2024-01-01,height,22.6,INST_H90,birch,satellite_remote_sensing,PLOT_4,alive
T91,2022-01-01,dbh,52.0,INST_91,birch,electronic_dbh,PLOT_4,alive
T91,2023-01-01,dbh,52.3,INST_91,birch,electronic_dbh,PLOT_4,alive
T91,2024-01-01,dbh,52.6,INST_91,birch,electronic_dbh,PLOT_4,alive
T91,2022-01-01,height,23.5,INST_H91,birch,satellite_remote_sensing,PLOT_4,alive
T91,2024-01-01,height,24.1,INST_H91,birch,satellite_remote_sensing,PLOT_4,alive
T92,2022-01-01,dbh,58.0,INST_92,maple,electronic_dbh,PLOT_4,alive
T92,2023-01-01,dbh,58.3,INST_92,maple,electronic_dbh,PLOT_4,alive
T92,2024-01-01,dbh,58.6,INST_92,maple,electronic_dbh,PLOT_4,alive
T92,2022-01-01,height,24.5,INST_H92,maple,satellite_remote_sensing,PLOT_4,alive
T92,2024-01-01,height,25.1,INST_H92,maple,satellite_remote_sensing,PLOT_4,alive
T93,2022-01-01,dbh,63.0,INST_93,maple,electronic_dbh,PLOT_4,alive
T93,2023-01-01,dbh,63.3,INST_93,maple,electronic_dbh,PLOT_4,alive
T93,2024-01-01,dbh,63.6,INST_93,maple,electronic_dbh,PLOT_4,alive
T93,2022-01-01,height,25.5,INST_H93,maple,satellite_remote_sensing,PLOT_4,alive
T93,2024-01-01,height,26.1,INST_H93,maple,satellite_remote_sensing,PLOT_4,alive
T94,2022-01-01,dbh,68.0,INST_94,oak,electronic_dbh,PLOT_4,dead
T94,2022-01-01,height,27.5,INST_H94,oak,satellite_remote_sensing,PLOT_4,dead
T95,2022-01-01,dbh,73.0,INST_95,beech,electronic_dbh,PLOT_4,dead
T95,2022-01-01,height,28.0,INST_H95,beech,satellite_remote_sensing,PLOT_4,dead
T96,2022-01-01,dbh,40.0,INST_96,birch,electronic_dbh,PLOT_4,dead
T96,2022-01-01,height,21.5,INST_H96,birch,satellite_remote_sensing,PLOT_4,dead
